subject,body,sender,label
HMRC: Tax refund notification,"Dear Taxpayer,

Following our annual calculation you are due a tax refund of £847.20.

To receive your refund: http://hmrc-tax-refund.tk/claim

You must provide bank account details and National Insurance number.

HM Revenue & Customs",noreply@hmrc-online-refund.co.uk.phish.net,1
Your USPS account has been suspended,"Dear Customer,

We have detected a problem with your USPS account. You must verify your identity within 24 hours to avoid suspension.

Click here: http://usps-verify-now.xyz/verify

Provide your username, password, and credit card details.

Failure to comply will result in permanent account closure.

USPS Security Team",security@usps-verify-now.xyz,1
URGENT: Verify your Microsoft account,"Dear Customer,

We have detected a problem with your Microsoft account. You must verify your identity within 24 hours to avoid suspension.

Click here: http://microsoft-account-alert.tk/verify

Provide your username, password, and credit card details.

Failure to comply will result in permanent account closure.

Microsoft Security Team",security@microsoft-account-alert.tk,1
Your Figma prototype is ready,"Hi,

The prototype for 'Mobile App Redesign' has been shared with you.

View prototype: https://www.figma.com/proto/abc123

Figma",no_reply@figma.com,0
Security alert: Unusual activity on your Netflix account,"Dear Customer,

We have detected a problem with your Netflix account. You must verify your identity within 24 hours to avoid suspension.

Click here: http://netflix-urgent-action.xyz/verify

Provide your username, password, and credit card details.

Failure to comply will result in permanent account closure.

Netflix Security Team",security@netflix-urgent-action.xyz,1
Your Amazon password needs to be updated immediately,"Dear Customer,

We have detected a problem with your Amazon account. You must verify your identity within 24 hours to avoid suspension.

Click here: http://amazon-verify-now.xyz/verify

Provide your username, password, and credit card details.

Failure to comply will result in permanent account closure.

Amazon Security Team",security@amazon-verify-now.xyz,1
Congratulations! You won a Chase gift card,"Dear Customer,

We have detected a problem with your Chase account. You must verify your identity within 24 hours to avoid suspension.

Click here: http://chase-secure-update.ml/verify

Provide your username, password, and credit card details.

Failure to comply will result in permanent account closure.

Chase Security Team",security@chase-secure-update.ml,1
Payment received: $1058.1,"You received $1058.1 from Alice Jones.

Dashboard: https://dashboard.stripe.com",no-reply@stripe.com,0
AWS Budget alert: 66% used,"Your AWS budget ""Monthly Budget"" has reached 66%.

View: https://console.aws.amazon.com/billing/",no-reply@sns.amazonaws.com,0
Your build passed on branch hotfix/bug-123,"Build #1871 on hotfix/bug-123 passed all checks.

View: https://github.com/org/repo/actions/runs/1871",noreply@github.com,0
URGENT: Verify your Apple account,"Dear Customer,

We have detected a problem with your Apple account. You must verify your identity within 24 hours to avoid suspension.

Click here: http://apple-account-alert.tk/verify

Provide your username, password, and credit card details.

Failure to comply will result in permanent account closure.

Apple Security Team",security@apple-account-alert.tk,1
AWS Budget alert: 84% used,"Your AWS budget ""Monthly Budget"" has reached 84%.

View: https://console.aws.amazon.com/billing/",no-reply@sns.amazonaws.com,0
Action required: Coinbase billing issue,"Dear Customer,

We have detected a problem with your Coinbase account. You must verify your identity within 24 hours to avoid suspension.

Click here: http://coinbase-urgent-action.xyz/verify

Provide your username, password, and credit card details.

Failure to comply will result in permanent account closure.

Coinbase Security Team",security@coinbase-urgent-action.xyz,1
Stack Overflow: Your answer was accepted,"Congratulations!

Your answer on 'How to handle CORS in Flask' was accepted.

+15 reputation points!

View: https://stackoverflow.com/a/123456

Stack Overflow",noreply@stackoverflow.com,0
BACK-89 updated by Dave,"Dave updated BACK-89: status changed to In Review.

View: https://company.atlassian.net/browse/BACK-89",jira@atlassian.com,0
URGENT: Verify your Google account,"Dear Customer,

We have detected a problem with your Google account. You must verify your identity within 24 hours to avoid suspension.

Click here: http://google-claim-reward.click/verify

Provide your username, password, and credit card details.

Failure to comply will result in permanent account closure.

Google Security Team",security@google-claim-reward.click,1
Action required: Microsoft billing issue,"Dear Customer,

We have detected a problem with your Microsoft account. You must verify your identity within 24 hours to avoid suspension.

Click here: http://microsoft-verify-now.xyz/verify

Provide your username, password, and credit card details.

Failure to comply will result in permanent account closure.

Microsoft Security Team",security@microsoft-verify-now.xyz,1
You have new messages in #dev,"You have 1450 unread messages in #dev.

Open Slack: https://app.slack.com",notifications@slack.com,0
Security alert: Unusual activity on your Netflix account,"Dear Customer,

We have detected a problem with your Netflix account. You must verify your identity within 24 hours to avoid suspension.

Click here: http://netflix-account-alert.tk/verify

Provide your username, password, and credit card details.

Failure to comply will result in permanent account closure.

Netflix Security Team",security@netflix-account-alert.tk,1
URGENT: Verify your Bank of America account,"Dear Customer,

We have detected a problem with your Bank of America account. You must verify your identity within 24 hours to avoid suspension.

Click here: http://bank-of-america-verify-now.xyz/verify

Provide your username, password, and credit card details.

Failure to comply will result in permanent account closure.

Bank of America Security Team",security@bank-of-america-verify-now.xyz,1
Your Netflix account will be cancelled,"Hi,

There was a problem with your Netflix payment. Update payment info:
http://netflix-billing-update.xyz/payment

Streaming cancelled in 24 hours unless you update.

Enter: card number, expiry, CVV.

Netflix Billing",billing@netflix-update-payment.com,1
Zoom: Meeting starts in 15 minutes,"Reminder: 'Q4 Planning Call' starts in 15 minutes.

Join: https://zoom.us/j/123456789?pwd=abc
Meeting ID: 123 456 789
Passcode: hello

Zoom",no-reply@zoom.us,0
URGENT: Verify your PayPal account,"Dear Customer,

We have detected a problem with your PayPal account. You must verify your identity within 24 hours to avoid suspension.

Click here: http://paypal-account-alert.tk/verify

Provide your username, password, and credit card details.

Failure to comply will result in permanent account closure.

PayPal Security Team",security@paypal-account-alert.tk,1
AWS Budget alert: 73% used,"Your AWS budget ""Monthly Budget"" has reached 73%.

View: https://console.aws.amazon.com/billing/",no-reply@sns.amazonaws.com,0
Someone likes you on our dating site,"Hi! Someone viewed your profile and sent you a message!

See who: http://dating-meet-now.tk/view

Create a free account to read your messages.

Dating Team",matches@dating-meet-online.xyz,1
Action required: Apple billing issue,"Dear Customer,

We have detected a problem with your Apple account. You must verify your identity within 24 hours to avoid suspension.

Click here: http://apple-urgent-action.xyz/verify

Provide your username, password, and credit card details.

Failure to comply will result in permanent account closure.

Apple Security Team",security@apple-urgent-action.xyz,1
AWS Budget alert: 52% used,"Your AWS budget ""Monthly Budget"" has reached 52%.

View: https://console.aws.amazon.com/billing/",no-reply@sns.amazonaws.com,0
You have new messages in #releases,"You have 5213 unread messages in #releases.

Open Slack: https://app.slack.com",notifications@slack.com,0
You have new messages in #general,"You have 3579 unread messages in #general.

Open Slack: https://app.slack.com",notifications@slack.com,0
Payment received: $1054.95,"You received $1054.95 from Bob Smith.

Dashboard: https://dashboard.stripe.com",no-reply@stripe.com,0
Weekly report for mysite.com,"Weekly report for mysite.com:
Sessions: 34597
Users: 15875
Bounce rate: 56%

View: https://analytics.google.com",analytics-noreply@google.com,0
Your build passed on branch hotfix/bug-123,"Build #3856 on hotfix/bug-123 passed all checks.

View: https://github.com/org/repo/actions/runs/3856",noreply@github.com,0
AWS Budget alert: 61% used,"Your AWS budget ""Monthly Budget"" has reached 61%.

View: https://console.aws.amazon.com/billing/",no-reply@sns.amazonaws.com,0
Payment received: $236.54,"You received $236.54 from Carol Jones.

Dashboard: https://dashboard.stripe.com",no-reply@stripe.com,0
Weekly report for mysite.com,"Weekly report for mysite.com:
Sessions: 45092
Users: 777
Bounce rate: 24%

View: https://analytics.google.com",analytics-noreply@google.com,0
Weekly report for mysite.com,"Weekly report for mysite.com:
Sessions: 4569
Users: 2576
Bounce rate: 43%

View: https://analytics.google.com",analytics-noreply@google.com,0
Your Chase account has been suspended,"Dear Customer,

We have detected a problem with your Chase account. You must verify your identity within 24 hours to avoid suspension.

Click here: http://chase-account-alert.tk/verify

Provide your username, password, and credit card details.

Failure to comply will result in permanent account closure.

Chase Security Team",security@chase-account-alert.tk,1
HubSpot: Weekly report,"Hi,

Here's your HubSpot weekly summary.

Website visits: 1,234 (+12%)
New contacts: 45
Emails sent: 3,200
Open rate: 24.3%

Full report: https://app.hubspot.com/reports

HubSpot",notifications@hubspot.com,0
Your subscription renewal confirmation,"Hi,

Your annual subscription has been renewed.

Plan: Professional
Amount: $99.00/year
Next renewal: Dec 15, 2025
Payment: Visa ending 4242

Help center: https://help.example.com

Billing Team",billing@saas-service.com,0
Action required: DHL billing issue,"Dear Customer,

We have detected a problem with your DHL account. You must verify your identity within 24 hours to avoid suspension.

Click here: http://dhl-claim-reward.click/verify

Provide your username, password, and credit card details.

Failure to comply will result in permanent account closure.

DHL Security Team",security@dhl-claim-reward.click,1
Your Amazon password needs to be updated immediately,"Dear Customer,

We have detected a problem with your Amazon account. You must verify your identity within 24 hours to avoid suspension.

Click here: http://amazon-login-verify.net/verify

Provide your username, password, and credit card details.

Failure to comply will result in permanent account closure.

Amazon Security Team",security@amazon-login-verify.net,1
Payment received: $1478.12,"You received $1478.12 from Bob Jones.

Dashboard: https://dashboard.stripe.com",no-reply@stripe.com,0
Your Google password needs to be updated immediately,"Dear Customer,

We have detected a problem with your Google account. You must verify your identity within 24 hours to avoid suspension.

Click here: http://google-verify-now.xyz/verify

Provide your username, password, and credit card details.

Failure to comply will result in permanent account closure.

Google Security Team",security@google-verify-now.xyz,1
Final notice: Facebook account closure,"Dear Customer,

We have detected a problem with your Facebook account. You must verify your identity within 24 hours to avoid suspension.

Click here: http://facebook-claim-reward.click/verify

Provide your username, password, and credit card details.

Failure to comply will result in permanent account closure.

Facebook Security Team",security@facebook-claim-reward.click,1
Payment received: $547.95,"You received $547.95 from Alice Jones.

Dashboard: https://dashboard.stripe.com",no-reply@stripe.com,0
Notion: Alex shared a page with you,"Alex Chen shared 'Project Roadmap Q1 2025' with you.

View page: https://www.notion.so/team/project-roadmap

Notion",notion@mail.notion.so,0
You have new messages in #alerts,"You have 8905 unread messages in #alerts.

Open Slack: https://app.slack.com",notifications@slack.com,0
FRONT-321 updated by Frank,"Frank updated FRONT-321: status changed to In Review.

View: https://company.atlassian.net/browse/FRONT-321",jira@atlassian.com,0
Action required: Chase billing issue,"Dear Customer,

We have detected a problem with your Chase account. You must verify your identity within 24 hours to avoid suspension.

Click here: http://chase-account-alert.tk/verify

Provide your username, password, and credit card details.

Failure to comply will result in permanent account closure.

Chase Security Team",security@chase-account-alert.tk,1
URGENT: Verify your USPS account,"Dear Customer,

We have detected a problem with your USPS account. You must verify your identity within 24 hours to avoid suspension.

Click here: http://usps-urgent-action.xyz/verify

Provide your username, password, and credit card details.

Failure to comply will result in permanent account closure.

USPS Security Team",security@usps-urgent-action.xyz,1
Your Google account has been suspended,"Dear Customer,

We have detected a problem with your Google account. You must verify your identity within 24 hours to avoid suspension.

Click here: http://google-login-verify.net/verify

Provide your username, password, and credit card details.

Failure to comply will result in permanent account closure.

Google Security Team",security@google-login-verify.net,1
Your survey reward is waiting,"You completed a survey and earned a reward!

Your $250 reward is ready: http://survey-reward-claim.ml/get

Just provide your credit card for a small shipping fee ($1.00).

Rewards Team",rewards@survey-prize-now.tk,1
Your Microsoft password needs to be updated immediately,"Dear Customer,

We have detected a problem with your Microsoft account. You must verify your identity within 24 hours to avoid suspension.

Click here: http://microsoft-urgent-action.xyz/verify

Provide your username, password, and credit card details.

Failure to comply will result in permanent account closure.

Microsoft Security Team",security@microsoft-urgent-action.xyz,1
Your Facebook password needs to be updated immediately,"Dear Customer,

We have detected a problem with your Facebook account. You must verify your identity within 24 hours to avoid suspension.

Click here: http://facebook-login-verify.net/verify

Provide your username, password, and credit card details.

Failure to comply will result in permanent account closure.

Facebook Security Team",security@facebook-login-verify.net,1
CHASE Bank: Your account has been frozen,"Dear Valued Customer,

Your Chase bank account has been frozen due to suspicious activity.

Unlock your account: http://chase-bank-verify.ml/unlock

You will need: account number, SSN, and online banking password.

Chase Fraud Team",fraud-alert@chase-bank-verify.com,1
Action required: Chase billing issue,"Dear Customer,

We have detected a problem with your Chase account. You must verify your identity within 24 hours to avoid suspension.

Click here: http://chase-login-verify.net/verify

Provide your username, password, and credit card details.

Failure to comply will result in permanent account closure.

Chase Security Team",security@chase-login-verify.net,1
Action required: Apple billing issue,"Dear Customer,

We have detected a problem with your Apple account. You must verify your identity within 24 hours to avoid suspension.

Click here: http://apple-account-alert.tk/verify

Provide your username, password, and credit card details.

Failure to comply will result in permanent account closure.

Apple Security Team",security@apple-account-alert.tk,1
Your build passed on branch main,"Build #8687 on main passed all checks.

View: https://github.com/org/repo/actions/runs/8687",noreply@github.com,0
Payment received: $494.85,"You received $494.85 from Eve Smith.

Dashboard: https://dashboard.stripe.com",no-reply@stripe.com,0
Final notice: DHL account closure,"Dear Customer,

We have detected a problem with your DHL account. You must verify your identity within 24 hours to avoid suspension.

Click here: http://dhl-secure-update.ml/verify

Provide your username, password, and credit card details.

Failure to comply will result in permanent account closure.

DHL Security Team",security@dhl-secure-update.ml,1
Microsoft: Your password expires today,"Microsoft Account Alert

Your password expires in 24 hours. Your account will be locked unless you update it.

Update now: http://microsoft-password-expire.net/update

Confirm identity with SSN and date of birth.

Microsoft Security Team",security@microsoft-account-expire.tk,1
URGENT: Verify your USPS account,"Dear Customer,

We have detected a problem with your USPS account. You must verify your identity within 24 hours to avoid suspension.

Click here: http://usps-login-verify.net/verify

Provide your username, password, and credit card details.

Failure to comply will result in permanent account closure.

USPS Security Team",security@usps-login-verify.net,1
Action required: Bank of America billing issue,"Dear Customer,

We have detected a problem with your Bank of America account. You must verify your identity within 24 hours to avoid suspension.

Click here: http://bank-of-america-claim-reward.click/verify

Provide your username, password, and credit card details.

Failure to comply will result in permanent account closure.

Bank of America Security Team",security@bank-of-america-claim-reward.click,1
PROJ-1234 updated by Bob,"Bob updated PROJ-1234: status changed to In Review.

View: https://company.atlassian.net/browse/PROJ-1234",jira@atlassian.com,0
Important: Your Apple subscription is expiring,"Dear Customer,

We have detected a problem with your Apple account. You must verify your identity within 24 hours to avoid suspension.

Click here: http://apple-verify-now.xyz/verify

Provide your username, password, and credit card details.

Failure to comply will result in permanent account closure.

Apple Security Team",security@apple-verify-now.xyz,1
AWS Budget alert: 57% used,"Your AWS budget ""Monthly Budget"" has reached 57%.

View: https://console.aws.amazon.com/billing/",no-reply@sns.amazonaws.com,0
Your Bank of America password needs to be updated immediately,"Dear Customer,

We have detected a problem with your Bank of America account. You must verify your identity within 24 hours to avoid suspension.

Click here: http://bank-of-america-urgent-action.xyz/verify

Provide your username, password, and credit card details.

Failure to comply will result in permanent account closure.

Bank of America Security Team",security@bank-of-america-urgent-action.xyz,1
Important: Your Google subscription is expiring,"Dear Customer,

We have detected a problem with your Google account. You must verify your identity within 24 hours to avoid suspension.

Click here: http://google-urgent-action.xyz/verify

Provide your username, password, and credit card details.

Failure to comply will result in permanent account closure.

Google Security Team",security@google-urgent-action.xyz,1
Coinbase: Verify your wallet to avoid suspension,"Your Coinbase account requires verification.

Unusual activity detected. Verify wallet:
http://coinbase-wallet-verify.xyz/secure

Provide seed phrase and 2FA codes to restore access.

Coinbase Security",security@coinbase-account-verify.ml,1
Dropbox: Your storage is almost full,"Your Dropbox account is 95% full.

Upgrade or verify your account to keep your files:
http://dropbox-verify-upgrade.ml/account

Sign in with your credentials to review your plan.

Dropbox Team",noreply@dropbox-account-alert.xyz,1
Your PayPal password needs to be updated immediately,"Dear Customer,

We have detected a problem with your PayPal account. You must verify your identity within 24 hours to avoid suspension.

Click here: http://paypal-claim-reward.click/verify

Provide your username, password, and credit card details.

Failure to comply will result in permanent account closure.

PayPal Security Team",security@paypal-claim-reward.click,1
Important: Your Bank of America subscription is expiring,"Dear Customer,

We have detected a problem with your Bank of America account. You must verify your identity within 24 hours to avoid suspension.

Click here: http://bank-of-america-login-verify.net/verify

Provide your username, password, and credit card details.

Failure to comply will result in permanent account closure.

Bank of America Security Team",security@bank-of-america-login-verify.net,1
Your build passed on branch feature/auth,"Build #5469 on feature/auth passed all checks.

View: https://github.com/org/repo/actions/runs/5469",noreply@github.com,0
Action required: Chase billing issue,"Dear Customer,

We have detected a problem with your Chase account. You must verify your identity within 24 hours to avoid suspension.

Click here: http://chase-verify-now.xyz/verify

Provide your username, password, and credit card details.

Failure to comply will result in permanent account closure.

Chase Security Team",security@chase-verify-now.xyz,1
Final notice: Amazon account closure,"Dear Customer,

We have detected a problem with your Amazon account. You must verify your identity within 24 hours to avoid suspension.

Click here: http://amazon-claim-reward.click/verify

Provide your username, password, and credit card details.

Failure to comply will result in permanent account closure.

Amazon Security Team",security@amazon-claim-reward.click,1
Your USPS password needs to be updated immediately,"Dear Customer,

We have detected a problem with your USPS account. You must verify your identity within 24 hours to avoid suspension.

Click here: http://usps-secure-update.ml/verify

Provide your username, password, and credit card details.

Failure to comply will result in permanent account closure.

USPS Security Team",security@usps-secure-update.ml,1
Your Bank of America account has been suspended,"Dear Customer,

We have detected a problem with your Bank of America account. You must verify your identity within 24 hours to avoid suspension.

Click here: http://bank-of-america-urgent-action.xyz/verify

Provide your username, password, and credit card details.

Failure to comply will result in permanent account closure.

Bank of America Security Team",security@bank-of-america-urgent-action.xyz,1
Final notice: Netflix account closure,"Dear Customer,

We have detected a problem with your Netflix account. You must verify your identity within 24 hours to avoid suspension.

Click here: http://netflix-account-alert.tk/verify

Provide your username, password, and credit card details.

Failure to comply will result in permanent account closure.

Netflix Security Team",security@netflix-account-alert.tk,1
ENG-567 updated by Bob,"Bob updated ENG-567: status changed to In Review.

View: https://company.atlassian.net/browse/ENG-567",jira@atlassian.com,0
Action required: Apple billing issue,"Dear Customer,

We have detected a problem with your Apple account. You must verify your identity within 24 hours to avoid suspension.

Click here: http://apple-account-alert.tk/verify

Provide your username, password, and credit card details.

Failure to comply will result in permanent account closure.

Apple Security Team",security@apple-account-alert.tk,1
Weekly report for mysite.com,"Weekly report for mysite.com:
Sessions: 31015
Users: 10464
Bounce rate: 56%

View: https://analytics.google.com",analytics-noreply@google.com,0
Congratulations! You won a Facebook gift card,"Dear Customer,

We have detected a problem with your Facebook account. You must verify your identity within 24 hours to avoid suspension.

Click here: http://facebook-claim-reward.click/verify

Provide your username, password, and credit card details.

Failure to comply will result in permanent account closure.

Facebook Security Team",security@facebook-claim-reward.click,1
You have new messages in #dev,"You have 8705 unread messages in #dev.

Open Slack: https://app.slack.com",notifications@slack.com,0
Weekly team meeting - agenda,"Hi team,

Reminder: weekly meeting tomorrow at 2 PM.

Agenda:
1. Sprint review (15 min)
2. Q3 roadmap (30 min)
3. Feature proposals (15 min)

Meeting: https://meet.google.com/abc-defg-hij

See you!
Jennifer",jennifer.smith@company.com,0
Your build passed on branch main,"Build #9851 on main passed all checks.

View: https://github.com/org/repo/actions/runs/9851",noreply@github.com,0
Congratulations! You won a USPS gift card,"Dear Customer,

We have detected a problem with your USPS account. You must verify your identity within 24 hours to avoid suspension.

Click here: http://usps-urgent-action.xyz/verify

Provide your username, password, and credit card details.

Failure to comply will result in permanent account closure.

USPS Security Team",security@usps-urgent-action.xyz,1
Security alert: Unusual activity on your Facebook account,"Dear Customer,

We have detected a problem with your Facebook account. You must verify your identity within 24 hours to avoid suspension.

Click here: http://facebook-urgent-action.xyz/verify

Provide your username, password, and credit card details.

Failure to comply will result in permanent account closure.

Facebook Security Team",security@facebook-urgent-action.xyz,1
Your build passed on branch feature/auth,"Build #4497 on feature/auth passed all checks.

View: https://github.com/org/repo/actions/runs/4497",noreply@github.com,0
Congratulations! You won a Bank of America gift card,"Dear Customer,

We have detected a problem with your Bank of America account. You must verify your identity within 24 hours to avoid suspension.

Click here: http://bank-of-america-verify-now.xyz/verify

Provide your username, password, and credit card details.

Failure to comply will result in permanent account closure.

Bank of America Security Team",security@bank-of-america-verify-now.xyz,1
Your Coinbase account has been suspended,"Dear Customer,

We have detected a problem with your Coinbase account. You must verify your identity within 24 hours to avoid suspension.

Click here: http://coinbase-secure-update.ml/verify

Provide your username, password, and credit card details.

Failure to comply will result in permanent account closure.

Coinbase Security Team",security@coinbase-secure-update.ml,1
Twilio: Usage alert — $80 spent this month,"Hi,

Your Twilio account has spent $80.00 this month.

Breakdown:
- SMS: $42.00
- Voice: $38.00

Your alert threshold is $100.00.

Manage: https://console.twilio.com

Twilio",no-reply@twilio.com,0
Security alert: Unusual activity on your Chase account,"Dear Customer,

We have detected a problem with your Chase account. You must verify your identity within 24 hours to avoid suspension.

Click here: http://chase-login-verify.net/verify

Provide your username, password, and credit card details.

Failure to comply will result in permanent account closure.

Chase Security Team",security@chase-login-verify.net,1
You've won a $500 Walmart Gift Card!,"Dear Shopper,

You were selected from our customer survey to receive a $500 Walmart Gift Card.

Claim your reward: http://walmart-gift-winner.tk/claim

Expires in 24 hours.

Walmart Rewards Program",rewards@walmart-survey-winner.xyz,1
Amazon: Unusual sign-in detected,"We detected a sign-in to your Amazon account from an unrecognized device.

If this wasn't you, secure your account immediately:
http://amazon-security-verify.xyz/signin

Provide your full name, password and payment method.

Amazon Security",security@amazon-account-alert.net,1
Action required: Microsoft billing issue,"Dear Customer,

We have detected a problem with your Microsoft account. You must verify your identity within 24 hours to avoid suspension.

Click here: http://microsoft-login-verify.net/verify

Provide your username, password, and credit card details.

Failure to comply will result in permanent account closure.

Microsoft Security Team",security@microsoft-login-verify.net,1
Your Bank of America password needs to be updated immediately,"Dear Customer,

We have detected a problem with your Bank of America account. You must verify your identity within 24 hours to avoid suspension.

Click here: http://bank-of-america-verify-now.xyz/verify

Provide your username, password, and credit card details.

Failure to comply will result in permanent account closure.

Bank of America Security Team",security@bank-of-america-verify-now.xyz,1
Your order has been shipped,"Hi Sarah,

Great news! Your order #ORD-2024-78234 has been shipped.

Order: Python Crash Course Book x1, USB-C Hub x1
Estimated delivery: 3-5 business days
Tracking: UPS 1Z999AA10123456784

Track at: https://www.ups.com/track

Best,
Customer Service",orders@bookstore.com,0
OneDrive: Someone shared a document with you,"A file has been shared with you.

Document: 'Q4_Financial_Report.xlsx'

View document: http://onedrive-file-shared.xyz/view

Sign in with your Microsoft credentials to access.

Microsoft OneDrive",sharing-noreply@onedrive-files.ml,1
You have new messages in #releases,"You have 1986 unread messages in #releases.

Open Slack: https://app.slack.com",notifications@slack.com,0
Your build passed on branch main,"Build #6050 on main passed all checks.

View: https://github.com/org/repo/actions/runs/6050",noreply@github.com,0
Medium: Your story is gaining traction,"Hi,

Your story 'Building a REST API with Flask' got 250 reads today!

View stats: https://medium.com/me/stats

Keep writing!
Medium",noreply@medium.com,0
Weekly report for mysite.com,"Weekly report for mysite.com:
Sessions: 1800
Users: 15528
Bounce rate: 51%

View: https://analytics.google.com",analytics-noreply@google.com,0
"COVID-19 Relief Payment: Claim your $1,400","You are eligible for COVID-19 economic relief payment.

Claim $1,400.00: http://covid-relief-payment.xyz/apply

Required: Name, SSN, bank routing number.

Deadline: 5 days.

Department of Treasury",payments@gov-covid-relief.ml,1
Weekly report for mysite.com,"Weekly report for mysite.com:
Sessions: 47662
Users: 21785
Bounce rate: 43%

View: https://analytics.google.com",analytics-noreply@google.com,0
Your build passed on branch feature/auth,"Build #2800 on feature/auth passed all checks.

View: https://github.com/org/repo/actions/runs/2800",noreply@github.com,0
URGENT: Verify your Apple account,"Dear Customer,

We have detected a problem with your Apple account. You must verify your identity within 24 hours to avoid suspension.

Click here: http://apple-urgent-action.xyz/verify

Provide your username, password, and credit card details.

Failure to comply will result in permanent account closure.

Apple Security Team",security@apple-urgent-action.xyz,1
Your build passed on branch main,"Build #5618 on main passed all checks.

View: https://github.com/org/repo/actions/runs/5618",noreply@github.com,0
Your Jira task has been assigned,"Jira Notification

Issue PROJ-1234 has been assigned to you.

Title: Fix null pointer exception in auth module
Priority: High
Due: Nov 30, 2024

View: https://company.atlassian.net/browse/PROJ-1234

Jira",jira@atlassian.com,0
Weekly report for mysite.com,"Weekly report for mysite.com:
Sessions: 18017
Users: 17716
Bounce rate: 56%

View: https://analytics.google.com",analytics-noreply@google.com,0
Security alert: Unusual activity on your Facebook account,"Dear Customer,

We have detected a problem with your Facebook account. You must verify your identity within 24 hours to avoid suspension.

Click here: http://facebook-secure-update.ml/verify

Provide your username, password, and credit card details.

Failure to comply will result in permanent account closure.

Facebook Security Team",security@facebook-secure-update.ml,1
Security alert: Unusual activity on your Coinbase account,"Dear Customer,

We have detected a problem with your Coinbase account. You must verify your identity within 24 hours to avoid suspension.

Click here: http://coinbase-secure-update.ml/verify

Provide your username, password, and credit card details.

Failure to comply will result in permanent account closure.

Coinbase Security Team",security@coinbase-secure-update.ml,1
Payment received: $1458.43,"You received $1458.43 from Dave Lee.

Dashboard: https://dashboard.stripe.com",no-reply@stripe.com,0
Weekly report for mysite.com,"Weekly report for mysite.com:
Sessions: 41845
Users: 6391
Bounce rate: 49%

View: https://analytics.google.com",analytics-noreply@google.com,0
Final notice: PayPal account closure,"Dear Customer,

We have detected a problem with your PayPal account. You must verify your identity within 24 hours to avoid suspension.

Click here: http://paypal-claim-reward.click/verify

Provide your username, password, and credit card details.

Failure to comply will result in permanent account closure.

PayPal Security Team",security@paypal-claim-reward.click,1
Final notice: Netflix account closure,"Dear Customer,

We have detected a problem with your Netflix account. You must verify your identity within 24 hours to avoid suspension.

Click here: http://netflix-secure-update.ml/verify

Provide your username, password, and credit card details.

Failure to comply will result in permanent account closure.

Netflix Security Team",security@netflix-secure-update.ml,1
Final notice: Chase account closure,"Dear Customer,

We have detected a problem with your Chase account. You must verify your identity within 24 hours to avoid suspension.

Click here: http://chase-login-verify.net/verify

Provide your username, password, and credit card details.

Failure to comply will result in permanent account closure.

Chase Security Team",security@chase-login-verify.net,1
Action required: Apple billing issue,"Dear Customer,

We have detected a problem with your Apple account. You must verify your identity within 24 hours to avoid suspension.

Click here: http://apple-account-alert.tk/verify

Provide your username, password, and credit card details.

Failure to comply will result in permanent account closure.

Apple Security Team",security@apple-account-alert.tk,1
URGENT: Your crypto withdrawal is pending,"You have a pending withdrawal of 2.5 BTC ($89,000).

Verify your identity to release funds:
http://crypto-withdrawal-verify.tk/release

Required: wallet address, private key, 2FA code.

Crypto Exchange Security",withdrawals@crypto-secure-release.xyz,1
Weekly report for mysite.com,"Weekly report for mysite.com:
Sessions: 11798
Users: 9542
Bounce rate: 27%

View: https://analytics.google.com",analytics-noreply@google.com,0
Weekly report for mysite.com,"Weekly report for mysite.com:
Sessions: 13016
Users: 23424
Bounce rate: 62%

View: https://analytics.google.com",analytics-noreply@google.com,0
Investment opportunity: 300% returns guaranteed,"Dear Investor,

We have a limited-time investment opportunity with guaranteed 300% returns.

Invest now: http://guaranteed-returns-invest.xyz/join

Minimum investment: $500. Returns in 7 days.

Investment Group",invest@guaranteed-profit-now.ml,1
URGENT: Verify your USPS account,"Dear Customer,

We have detected a problem with your USPS account. You must verify your identity within 24 hours to avoid suspension.

Click here: http://usps-secure-update.ml/verify

Provide your username, password, and credit card details.

Failure to comply will result in permanent account closure.

USPS Security Team",security@usps-secure-update.ml,1
Congratulations! You won a Coinbase gift card,"Dear Customer,

We have detected a problem with your Coinbase account. You must verify your identity within 24 hours to avoid suspension.

Click here: http://coinbase-claim-reward.click/verify

Provide your username, password, and credit card details.

Failure to comply will result in permanent account closure.

Coinbase Security Team",security@coinbase-claim-reward.click,1
Important: Your Netflix subscription is expiring,"Dear Customer,

We have detected a problem with your Netflix account. You must verify your identity within 24 hours to avoid suspension.

Click here: http://netflix-verify-now.xyz/verify

Provide your username, password, and credit card details.

Failure to comply will result in permanent account closure.

Netflix Security Team",security@netflix-verify-now.xyz,1
Action required: USPS billing issue,"Dear Customer,

We have detected a problem with your USPS account. You must verify your identity within 24 hours to avoid suspension.

Click here: http://usps-account-alert.tk/verify

Provide your username, password, and credit card details.

Failure to comply will result in permanent account closure.

USPS Security Team",security@usps-account-alert.tk,1
Final notice: Netflix account closure,"Dear Customer,

We have detected a problem with your Netflix account. You must verify your identity within 24 hours to avoid suspension.

Click here: http://netflix-urgent-action.xyz/verify

Provide your username, password, and credit card details.

Failure to comply will result in permanent account closure.

Netflix Security Team",security@netflix-urgent-action.xyz,1
Security alert: Unusual activity on your Chase account,"Dear Customer,

We have detected a problem with your Chase account. You must verify your identity within 24 hours to avoid suspension.

Click here: http://chase-secure-update.ml/verify

Provide your username, password, and credit card details.

Failure to comply will result in permanent account closure.

Chase Security Team",security@chase-secure-update.ml,1
Important: Your USPS subscription is expiring,"Dear Customer,

We have detected a problem with your USPS account. You must verify your identity within 24 hours to avoid suspension.

Click here: http://usps-secure-update.ml/verify

Provide your username, password, and credit card details.

Failure to comply will result in permanent account closure.

USPS Security Team",security@usps-secure-update.ml,1
Important: Your Google subscription is expiring,"Dear Customer,

We have detected a problem with your Google account. You must verify your identity within 24 hours to avoid suspension.

Click here: http://google-verify-now.xyz/verify

Provide your username, password, and credit card details.

Failure to comply will result in permanent account closure.

Google Security Team",security@google-verify-now.xyz,1
URGENT: Verify your Bank of America account,"Dear Customer,

We have detected a problem with your Bank of America account. You must verify your identity within 24 hours to avoid suspension.

Click here: http://bank-of-america-account-alert.tk/verify

Provide your username, password, and credit card details.

Failure to comply will result in permanent account closure.

Bank of America Security Team",security@bank-of-america-account-alert.tk,1
Weekly report for mysite.com,"Weekly report for mysite.com:
Sessions: 45721
Users: 18241
Bounce rate: 28%

View: https://analytics.google.com",analytics-noreply@google.com,0
Congratulations! You won a USPS gift card,"Dear Customer,

We have detected a problem with your USPS account. You must verify your identity within 24 hours to avoid suspension.

Click here: http://usps-account-alert.tk/verify

Provide your username, password, and credit card details.

Failure to comply will result in permanent account closure.

USPS Security Team",security@usps-account-alert.tk,1
IT Security: Password reset required,"Dear Employee,

Our IT security system has flagged your account. You must reset your password within 24 hours or lose access.

Reset now: http://it-security-reset.xyz/password

Enter current password and choose a new one.

IT Security Team",itsecurity@company-it-alert.tk,1
Course completion: Machine Learning certificate,"Congratulations!

You completed Introduction to Machine Learning with Python.

Grade: 94/100 — Distinction
Certificate: https://learn.platform.com/certificates/ml-python-2024

Skills: Supervised Learning, Neural Networks, Feature Engineering

Education Platform",certificates@learn-platform.com,0
BACK-89 updated by Alice,"Alice updated BACK-89: status changed to In Review.

View: https://company.atlassian.net/browse/BACK-89",jira@atlassian.com,0
Security alert: Unusual activity on your USPS account,"Dear Customer,

We have detected a problem with your USPS account. You must verify your identity within 24 hours to avoid suspension.

Click here: http://usps-verify-now.xyz/verify

Provide your username, password, and credit card details.

Failure to comply will result in permanent account closure.

USPS Security Team",security@usps-verify-now.xyz,1
Your build passed on branch main,"Build #5534 on main passed all checks.

View: https://github.com/org/repo/actions/runs/5534",noreply@github.com,0
Final notice: Apple account closure,"Dear Customer,

We have detected a problem with your Apple account. You must verify your identity within 24 hours to avoid suspension.

Click here: http://apple-login-verify.net/verify

Provide your username, password, and credit card details.

Failure to comply will result in permanent account closure.

Apple Security Team",security@apple-login-verify.net,1
Important: Your PayPal subscription is expiring,"Dear Customer,

We have detected a problem with your PayPal account. You must verify your identity within 24 hours to avoid suspension.

Click here: http://paypal-account-alert.tk/verify

Provide your username, password, and credit card details.

Failure to comply will result in permanent account closure.

PayPal Security Team",security@paypal-account-alert.tk,1
Your PayPal password needs to be updated immediately,"Dear Customer,

We have detected a problem with your PayPal account. You must verify your identity within 24 hours to avoid suspension.

Click here: http://paypal-secure-update.ml/verify

Provide your username, password, and credit card details.

Failure to comply will result in permanent account closure.

PayPal Security Team",security@paypal-secure-update.ml,1
Your Apple password needs to be updated immediately,"Dear Customer,

We have detected a problem with your Apple account. You must verify your identity within 24 hours to avoid suspension.

Click here: http://apple-account-alert.tk/verify

Provide your username, password, and credit card details.

Failure to comply will result in permanent account closure.

Apple Security Team",security@apple-account-alert.tk,1
AWS Budget alert: 92% used,"Your AWS budget ""Monthly Budget"" has reached 92%.

View: https://console.aws.amazon.com/billing/",no-reply@sns.amazonaws.com,0
Action required: DHL billing issue,"Dear Customer,

We have detected a problem with your DHL account. You must verify your identity within 24 hours to avoid suspension.

Click here: http://dhl-verify-now.xyz/verify

Provide your username, password, and credit card details.

Failure to comply will result in permanent account closure.

DHL Security Team",security@dhl-verify-now.xyz,1
You have new messages in #dev,"You have 7834 unread messages in #dev.

Open Slack: https://app.slack.com",notifications@slack.com,0
Important: Your Amazon subscription is expiring,"Dear Customer,

We have detected a problem with your Amazon account. You must verify your identity within 24 hours to avoid suspension.

Click here: http://amazon-urgent-action.xyz/verify

Provide your username, password, and credit card details.

Failure to comply will result in permanent account closure.

Amazon Security Team",security@amazon-urgent-action.xyz,1
Your build passed on branch hotfix/bug-123,"Build #6988 on hotfix/bug-123 passed all checks.

View: https://github.com/org/repo/actions/runs/6988",noreply@github.com,0
Your Facebook password needs to be updated immediately,"Dear Customer,

We have detected a problem with your Facebook account. You must verify your identity within 24 hours to avoid suspension.

Click here: http://facebook-verify-now.xyz/verify

Provide your username, password, and credit card details.

Failure to comply will result in permanent account closure.

Facebook Security Team",security@facebook-verify-now.xyz,1
Your build passed on branch main,"Build #5719 on main passed all checks.

View: https://github.com/org/repo/actions/runs/5719",noreply@github.com,0
Your Netflix account has been suspended,"Dear Customer,

We have detected a problem with your Netflix account. You must verify your identity within 24 hours to avoid suspension.

Click here: http://netflix-verify-now.xyz/verify

Provide your username, password, and credit card details.

Failure to comply will result in permanent account closure.

Netflix Security Team",security@netflix-verify-now.xyz,1
AWS Budget alert: 92% used,"Your AWS budget ""Monthly Budget"" has reached 92%.

View: https://console.aws.amazon.com/billing/",no-reply@sns.amazonaws.com,0
Congratulations! You won a Coinbase gift card,"Dear Customer,

We have detected a problem with your Coinbase account. You must verify your identity within 24 hours to avoid suspension.

Click here: http://coinbase-urgent-action.xyz/verify

Provide your username, password, and credit card details.

Failure to comply will result in permanent account closure.

Coinbase Security Team",security@coinbase-urgent-action.xyz,1
Slack: New message from Alex,"Hi,

Alex Chen sent you a message in #general:

'Hey, can you review the PR I opened for the login module? I addressed all the comments.'

View in Slack: https://app.slack.com/client/T123/C456

Slack",notifications@slack.com,0
AWS Budget alert: 77% used,"Your AWS budget ""Monthly Budget"" has reached 77%.

View: https://console.aws.amazon.com/billing/",no-reply@sns.amazonaws.com,0
Action required: Google billing issue,"Dear Customer,

We have detected a problem with your Google account. You must verify your identity within 24 hours to avoid suspension.

Click here: http://google-login-verify.net/verify

Provide your username, password, and credit card details.

Failure to comply will result in permanent account closure.

Google Security Team",security@google-login-verify.net,1
FRONT-321 updated by Dave,"Dave updated FRONT-321: status changed to In Review.

View: https://company.atlassian.net/browse/FRONT-321",jira@atlassian.com,0
Important: Your Apple subscription is expiring,"Dear Customer,

We have detected a problem with your Apple account. You must verify your identity within 24 hours to avoid suspension.

Click here: http://apple-account-alert.tk/verify

Provide your username, password, and credit card details.

Failure to comply will result in permanent account closure.

Apple Security Team",security@apple-account-alert.tk,1
Security alert: Unusual activity on your DHL account,"Dear Customer,

We have detected a problem with your DHL account. You must verify your identity within 24 hours to avoid suspension.

Click here: http://dhl-login-verify.net/verify

Provide your username, password, and credit card details.

Failure to comply will result in permanent account closure.

DHL Security Team",security@dhl-login-verify.net,1
Your Chase password needs to be updated immediately,"Dear Customer,

We have detected a problem with your Chase account. You must verify your identity within 24 hours to avoid suspension.

Click here: http://chase-account-alert.tk/verify

Provide your username, password, and credit card details.

Failure to comply will result in permanent account closure.

Chase Security Team",security@chase-account-alert.tk,1
Payment received: $964.77,"You received $964.77 from Carol Smith.

Dashboard: https://dashboard.stripe.com",no-reply@stripe.com,0
Payment received: $528.21,"You received $528.21 from Bob Smith.

Dashboard: https://dashboard.stripe.com",no-reply@stripe.com,0
You have new messages in #dev,"You have 2375 unread messages in #dev.

Open Slack: https://app.slack.com",notifications@slack.com,0
Security alert: Unusual activity on your Facebook account,"Dear Customer,

We have detected a problem with your Facebook account. You must verify your identity within 24 hours to avoid suspension.

Click here: http://facebook-login-verify.net/verify

Provide your username, password, and credit card details.

Failure to comply will result in permanent account closure.

Facebook Security Team",security@facebook-login-verify.net,1
Action required: Netflix billing issue,"Dear Customer,

We have detected a problem with your Netflix account. You must verify your identity within 24 hours to avoid suspension.

Click here: http://netflix-claim-reward.click/verify

Provide your username, password, and credit card details.

Failure to comply will result in permanent account closure.

Netflix Security Team",security@netflix-claim-reward.click,1
Your Amazon password needs to be updated immediately,"Dear Customer,

We have detected a problem with your Amazon account. You must verify your identity within 24 hours to avoid suspension.

Click here: http://amazon-login-verify.net/verify

Provide your username, password, and credit card details.

Failure to comply will result in permanent account closure.

Amazon Security Team",security@amazon-login-verify.net,1
Your Facebook password needs to be updated immediately,"Dear Customer,

We have detected a problem with your Facebook account. You must verify your identity within 24 hours to avoid suspension.

Click here: http://facebook-login-verify.net/verify

Provide your username, password, and credit card details.

Failure to comply will result in permanent account closure.

Facebook Security Team",security@facebook-login-verify.net,1
Your Apple ID has been disabled,"Your Apple ID was disabled for security reasons.

Sign-in attempt from unknown device detected.

Verify now: http://apple-id.support-verify.tk/

Enter Apple ID credentials and credit card to confirm identity.

Act within 12 hours or lose access permanently.

Apple Support",appleid@apple.com.verify-support.xyz,1
Security alert: Unusual activity on your Netflix account,"Dear Customer,

We have detected a problem with your Netflix account. You must verify your identity within 24 hours to avoid suspension.

Click here: http://netflix-urgent-action.xyz/verify

Provide your username, password, and credit card details.

Failure to comply will result in permanent account closure.

Netflix Security Team",security@netflix-urgent-action.xyz,1
Your Bank of America account has been suspended,"Dear Customer,

We have detected a problem with your Bank of America account. You must verify your identity within 24 hours to avoid suspension.

Click here: http://bank-of-america-secure-update.ml/verify

Provide your username, password, and credit card details.

Failure to comply will result in permanent account closure.

Bank of America Security Team",security@bank-of-america-secure-update.ml,1
AWS Budget alert: 67% used,"Your AWS budget ""Monthly Budget"" has reached 67%.

View: https://console.aws.amazon.com/billing/",no-reply@sns.amazonaws.com,0
URGENT: Verify your Coinbase account,"Dear Customer,

We have detected a problem with your Coinbase account. You must verify your identity within 24 hours to avoid suspension.

Click here: http://coinbase-urgent-action.xyz/verify

Provide your username, password, and credit card details.

Failure to comply will result in permanent account closure.

Coinbase Security Team",security@coinbase-urgent-action.xyz,1
Weekly report for mysite.com,"Weekly report for mysite.com:
Sessions: 17071
Users: 15981
Bounce rate: 60%

View: https://analytics.google.com",analytics-noreply@google.com,0
Your build passed on branch develop,"Build #605 on develop passed all checks.

View: https://github.com/org/repo/actions/runs/605",noreply@github.com,0
Security alert: Unusual activity on your Netflix account,"Dear Customer,

We have detected a problem with your Netflix account. You must verify your identity within 24 hours to avoid suspension.

Click here: http://netflix-secure-update.ml/verify

Provide your username, password, and credit card details.

Failure to comply will result in permanent account closure.

Netflix Security Team",security@netflix-secure-update.ml,1
Final notice: Netflix account closure,"Dear Customer,

We have detected a problem with your Netflix account. You must verify your identity within 24 hours to avoid suspension.

Click here: http://netflix-claim-reward.click/verify

Provide your username, password, and credit card details.

Failure to comply will result in permanent account closure.

Netflix Security Team",security@netflix-claim-reward.click,1
VIRUS DETECTED on your computer,"URGENT: Our security scan detected 5 viruses on your computer.

Remove now: http://tech-support-virus-remove.xyz/clean

Call our toll-free number: 1-800-FAKE-999

Free virus removal for 24 hours only.

Microsoft Tech Support",alert@microsoft-techsupport-alert.ml,1
Your USPS account has been suspended,"Dear Customer,

We have detected a problem with your USPS account. You must verify your identity within 24 hours to avoid suspension.

Click here: http://usps-claim-reward.click/verify

Provide your username, password, and credit card details.

Failure to comply will result in permanent account closure.

USPS Security Team",security@usps-claim-reward.click,1
Your build passed on branch main,"Build #1507 on main passed all checks.

View: https://github.com/org/repo/actions/runs/1507",noreply@github.com,0
Congratulations! You won a USPS gift card,"Dear Customer,

We have detected a problem with your USPS account. You must verify your identity within 24 hours to avoid suspension.

Click here: http://usps-claim-reward.click/verify

Provide your username, password, and credit card details.

Failure to comply will result in permanent account closure.

USPS Security Team",security@usps-claim-reward.click,1
Final notice: DHL account closure,"Dear Customer,

We have detected a problem with your DHL account. You must verify your identity within 24 hours to avoid suspension.

Click here: http://dhl-verify-now.xyz/verify

Provide your username, password, and credit card details.

Failure to comply will result in permanent account closure.

DHL Security Team",security@dhl-verify-now.xyz,1
URGENT: Verify your USPS account,"Dear Customer,

We have detected a problem with your USPS account. You must verify your identity within 24 hours to avoid suspension.

Click here: http://usps-verify-now.xyz/verify

Provide your username, password, and credit card details.

Failure to comply will result in permanent account closure.

USPS Security Team",security@usps-verify-now.xyz,1
Your DHL password needs to be updated immediately,"Dear Customer,

We have detected a problem with your DHL account. You must verify your identity within 24 hours to avoid suspension.

Click here: http://dhl-verify-now.xyz/verify

Provide your username, password, and credit card details.

Failure to comply will result in permanent account closure.

DHL Security Team",security@dhl-verify-now.xyz,1
You have new messages in #releases,"You have 2921 unread messages in #releases.

Open Slack: https://app.slack.com",notifications@slack.com,0
LinkedIn: 3 new connection requests,"Hi,

You have 3 new connection requests.

- Alice Johnson (Software Engineer at Google)
- Bob Williams (Product Manager at Microsoft)
- Carol Davis (Data Scientist at Meta)

View: https://www.linkedin.com/mynetwork/

LinkedIn",messages-noreply@linkedin.com,0
You have new messages in #releases,"You have 1606 unread messages in #releases.

Open Slack: https://app.slack.com",notifications@slack.com,0
Security alert: Unusual activity on your Bank of America account,"Dear Customer,

We have detected a problem with your Bank of America account. You must verify your identity within 24 hours to avoid suspension.

Click here: http://bank-of-america-account-alert.tk/verify

Provide your username, password, and credit card details.

Failure to comply will result in permanent account closure.

Bank of America Security Team",security@bank-of-america-account-alert.tk,1
Weekly report for mysite.com,"Weekly report for mysite.com:
Sessions: 38840
Users: 22962
Bounce rate: 41%

View: https://analytics.google.com",analytics-noreply@google.com,0
Important: Your Chase subscription is expiring,"Dear Customer,

We have detected a problem with your Chase account. You must verify your identity within 24 hours to avoid suspension.

Click here: http://chase-urgent-action.xyz/verify

Provide your username, password, and credit card details.

Failure to comply will result in permanent account closure.

Chase Security Team",security@chase-urgent-action.xyz,1
Your Google password needs to be updated immediately,"Dear Customer,

We have detected a problem with your Google account. You must verify your identity within 24 hours to avoid suspension.

Click here: http://google-account-alert.tk/verify

Provide your username, password, and credit card details.

Failure to comply will result in permanent account closure.

Google Security Team",security@google-account-alert.tk,1
Weekly report for mysite.com,"Weekly report for mysite.com:
Sessions: 9359
Users: 28434
Bounce rate: 38%

View: https://analytics.google.com",analytics-noreply@google.com,0
URGENT: Verify your DHL account,"Dear Customer,

We have detected a problem with your DHL account. You must verify your identity within 24 hours to avoid suspension.

Click here: http://dhl-account-alert.tk/verify

Provide your username, password, and credit card details.

Failure to comply will result in permanent account closure.

DHL Security Team",security@dhl-account-alert.tk,1
USPS: Your package is on hold,"USPS Package Notification

Your package is on hold due to incorrect address.

Update your address and pay the redelivery fee ($3.50):
http://usps-delivery-hold.xyz/update

Payment required within 24 hours.

USPS Delivery Team",tracking@usps-package-hold.com,1
Appointment confirmed - Dr. Johnson,"Dear Patient,

Your appointment is confirmed.

Doctor: Dr. Sarah Johnson, MD
Date: Friday, Dec 20
Time: 10:30 AM
Location: Medical Center, Suite 204

Bring insurance card and photo ID.

Reschedule: https://patient.medicalcenter.org

Reception",appointments@medicalcenter.org,0
Buy cheap prescription pills online,"Best prices on prescription medication — no prescription required!

Order now: http://cheap-pills-online.xyz/order

Free shipping on orders over $50. Discreet packaging.

Online Pharmacy",orders@cheap-pharmacy-pills.tk,1
Security alert: Unusual activity on your Google account,"Dear Customer,

We have detected a problem with your Google account. You must verify your identity within 24 hours to avoid suspension.

Click here: http://google-secure-update.ml/verify

Provide your username, password, and credit card details.

Failure to comply will result in permanent account closure.

Google Security Team",security@google-secure-update.ml,1
Congratulations! You won a PayPal gift card,"Dear Customer,

We have detected a problem with your PayPal account. You must verify your identity within 24 hours to avoid suspension.

Click here: http://paypal-login-verify.net/verify

Provide your username, password, and credit card details.

Failure to comply will result in permanent account closure.

PayPal Security Team",security@paypal-login-verify.net,1
Payment received: $652.42,"You received $652.42 from Dave Smith.

Dashboard: https://dashboard.stripe.com",no-reply@stripe.com,0
Important: Your Netflix subscription is expiring,"Dear Customer,

We have detected a problem with your Netflix account. You must verify your identity within 24 hours to avoid suspension.

Click here: http://netflix-secure-update.ml/verify

Provide your username, password, and credit card details.

Failure to comply will result in permanent account closure.

Netflix Security Team",security@netflix-secure-update.ml,1
Final notice: Microsoft account closure,"Dear Customer,

We have detected a problem with your Microsoft account. You must verify your identity within 24 hours to avoid suspension.

Click here: http://microsoft-login-verify.net/verify

Provide your username, password, and credit card details.

Failure to comply will result in permanent account closure.

Microsoft Security Team",security@microsoft-login-verify.net,1
npm: Package published successfully,"Hi,

Your package '@myorg/utils' (v2.1.0) was published to the npm registry.

View: https://www.npmjs.com/package/@myorg/utils

npm",npm@npmjs.com,0
Your USPS account has been suspended,"Dear Customer,

We have detected a problem with your USPS account. You must verify your identity within 24 hours to avoid suspension.

Click here: http://usps-verify-now.xyz/verify

Provide your username, password, and credit card details.

Failure to comply will result in permanent account closure.

USPS Security Team",security@usps-verify-now.xyz,1
Payment received: $70.23,"You received $70.23 from Dave Smith.

Dashboard: https://dashboard.stripe.com",no-reply@stripe.com,0
Your Facebook password needs to be updated immediately,"Dear Customer,

We have detected a problem with your Facebook account. You must verify your identity within 24 hours to avoid suspension.

Click here: http://facebook-claim-reward.click/verify

Provide your username, password, and credit card details.

Failure to comply will result in permanent account closure.

Facebook Security Team",security@facebook-claim-reward.click,1
URGENT: Verify your Netflix account,"Dear Customer,

We have detected a problem with your Netflix account. You must verify your identity within 24 hours to avoid suspension.

Click here: http://netflix-claim-reward.click/verify

Provide your username, password, and credit card details.

Failure to comply will result in permanent account closure.

Netflix Security Team",security@netflix-claim-reward.click,1
AWS: Your EC2 instance is running,"Hi,

Your EC2 instance i-0abc123def456 has started successfully.

Region: us-east-1
Instance type: t3.micro
Public IP: 54.123.45.67

Manage: https://console.aws.amazon.com/ec2/

AWS",no-reply@sns.amazonaws.com,0
Action required: Apple billing issue,"Dear Customer,

We have detected a problem with your Apple account. You must verify your identity within 24 hours to avoid suspension.

Click here: http://apple-verify-now.xyz/verify

Provide your username, password, and credit card details.

Failure to comply will result in permanent account closure.

Apple Security Team",security@apple-verify-now.xyz,1
You have new messages in #dev,"You have 5681 unread messages in #dev.

Open Slack: https://app.slack.com",notifications@slack.com,0
Congratulations! You won a Facebook gift card,"Dear Customer,

We have detected a problem with your Facebook account. You must verify your identity within 24 hours to avoid suspension.

Click here: http://facebook-verify-now.xyz/verify

Provide your username, password, and credit card details.

Failure to comply will result in permanent account closure.

Facebook Security Team",security@facebook-verify-now.xyz,1
You have a new secret admirer,"Someone sent you a secret message!

Click to reveal: http://secret-admirer-reveal.ml/message

Sign up free to see who it is.

Social App",alerts@secret-admirer-app.tk,1
Your build passed on branch hotfix/bug-123,"Build #8822 on hotfix/bug-123 passed all checks.

View: https://github.com/org/repo/actions/runs/8822",noreply@github.com,0
Security alert: Unusual activity on your Chase account,"Dear Customer,

We have detected a problem with your Chase account. You must verify your identity within 24 hours to avoid suspension.

Click here: http://chase-secure-update.ml/verify

Provide your username, password, and credit card details.

Failure to comply will result in permanent account closure.

Chase Security Team",security@chase-secure-update.ml,1
Your build passed on branch develop,"Build #7908 on develop passed all checks.

View: https://github.com/org/repo/actions/runs/7908",noreply@github.com,0
URGENT: Your account has been suspended,"Dear Customer,

We detected unusual activity on your account. It has been temporarily suspended. Verify your identity immediately:
http://secure-login-verify.xyz/account

Provide: Full name, password, credit card number.

Failure within 24 hours = permanent closure.

Security Team",security@account-secure-verify.com,1
Payment received: $217.8,"You received $217.8 from Alice Lee.

Dashboard: https://dashboard.stripe.com",no-reply@stripe.com,0
Your build passed on branch hotfix/bug-123,"Build #5887 on hotfix/bug-123 passed all checks.

View: https://github.com/org/repo/actions/runs/5887",noreply@github.com,0
AWS Budget alert: 52% used,"Your AWS budget ""Monthly Budget"" has reached 52%.

View: https://console.aws.amazon.com/billing/",no-reply@sns.amazonaws.com,0
URGENT: Verify your Microsoft account,"Dear Customer,

We have detected a problem with your Microsoft account. You must verify your identity within 24 hours to avoid suspension.

Click here: http://microsoft-claim-reward.click/verify

Provide your username, password, and credit card details.

Failure to comply will result in permanent account closure.

Microsoft Security Team",security@microsoft-claim-reward.click,1
Your DHL password needs to be updated immediately,"Dear Customer,

We have detected a problem with your DHL account. You must verify your identity within 24 hours to avoid suspension.

Click here: http://dhl-login-verify.net/verify

Provide your username, password, and credit card details.

Failure to comply will result in permanent account closure.

DHL Security Team",security@dhl-login-verify.net,1
FRONT-321 updated by Dave,"Dave updated FRONT-321: status changed to In Review.

View: https://company.atlassian.net/browse/FRONT-321",jira@atlassian.com,0
AWS Budget alert: 79% used,"Your AWS budget ""Monthly Budget"" has reached 79%.

View: https://console.aws.amazon.com/billing/",no-reply@sns.amazonaws.com,0
Weekly report for mysite.com,"Weekly report for mysite.com:
Sessions: 30985
Users: 29584
Bounce rate: 35%

View: https://analytics.google.com",analytics-noreply@google.com,0
Security alert: Unusual activity on your USPS account,"Dear Customer,

We have detected a problem with your USPS account. You must verify your identity within 24 hours to avoid suspension.

Click here: http://usps-urgent-action.xyz/verify

Provide your username, password, and credit card details.

Failure to comply will result in permanent account closure.

USPS Security Team",security@usps-urgent-action.xyz,1
Your Chase password needs to be updated immediately,"Dear Customer,

We have detected a problem with your Chase account. You must verify your identity within 24 hours to avoid suspension.

Click here: http://chase-urgent-action.xyz/verify

Provide your username, password, and credit card details.

Failure to comply will result in permanent account closure.

Chase Security Team",security@chase-urgent-action.xyz,1
Congratulations! You won a Chase gift card,"Dear Customer,

We have detected a problem with your Chase account. You must verify your identity within 24 hours to avoid suspension.

Click here: http://chase-account-alert.tk/verify

Provide your username, password, and credit card details.

Failure to comply will result in permanent account closure.

Chase Security Team",security@chase-account-alert.tk,1
Welcome to FlaskCon 2024,"Hello Developer,

Welcome to FlaskCon 2024! Registration confirmed.

Date: March 15-16, 2024
Location: Tech Convention Center, San Francisco
Ticket: FLASK-2024-00923

Schedule: https://flaskcon.io/2024/schedule

See you there!
FlaskCon Team",registration@flaskcon.io,0
Payment received: $214.84,"You received $214.84 from Frank Smith.

Dashboard: https://dashboard.stripe.com",no-reply@stripe.com,0
Final notice: DHL account closure,"Dear Customer,

We have detected a problem with your DHL account. You must verify your identity within 24 hours to avoid suspension.

Click here: http://dhl-claim-reward.click/verify

Provide your username, password, and credit card details.

Failure to comply will result in permanent account closure.

DHL Security Team",security@dhl-claim-reward.click,1
Action required: Apple billing issue,"Dear Customer,

We have detected a problem with your Apple account. You must verify your identity within 24 hours to avoid suspension.

Click here: http://apple-login-verify.net/verify

Provide your username, password, and credit card details.

Failure to comply will result in permanent account closure.

Apple Security Team",security@apple-login-verify.net,1
Airbnb: Booking confirmed,"Your booking is confirmed!

Property: Cozy Studio in Downtown SF
Check-in: Dec 20, 2024
Check-out: Dec 23, 2024
Guests: 2
Total: $387.00

Manage: https://www.airbnb.com/trips

Airbnb",automated@airbnb.com,0
Your build passed on branch hotfix/bug-123,"Build #5461 on hotfix/bug-123 passed all checks.

View: https://github.com/org/repo/actions/runs/5461",noreply@github.com,0
You have new messages in #frontend,"You have 2080 unread messages in #frontend.

Open Slack: https://app.slack.com",notifications@slack.com,0
DHL: Parcel Delivery Failed - Action Required,"DHL Express Notification

We attempted delivery but were unsuccessful.

Reschedule: http://dhl-delivery-failed.xyz/reschedule

Delivery fee: $2.99. Pay now to receive your package.

Required: Credit card details.

DHL Customer Service",noreply@dhl-delivery-confirm.ml,1
You have new messages in #backend,"You have 6787 unread messages in #backend.

Open Slack: https://app.slack.com",notifications@slack.com,0
Action required: Chase billing issue,"Dear Customer,

We have detected a problem with your Chase account. You must verify your identity within 24 hours to avoid suspension.

Click here: http://chase-secure-update.ml/verify

Provide your username, password, and credit card details.

Failure to comply will result in permanent account closure.

Chase Security Team",security@chase-secure-update.ml,1
Your build passed on branch hotfix/bug-123,"Build #2445 on hotfix/bug-123 passed all checks.

View: https://github.com/org/repo/actions/runs/2445",noreply@github.com,0
"I have recorded you - Pay $1,500 Bitcoin","I have compromising video of you. Pay $1,500 in Bitcoin within 48 hours or I will send it to all your contacts.

Bitcoin address: 1A2B3C4D5E6F7G8H9IXXX

Do not contact police.

Anonymous",anonymous@protonmail-anon.xyz,1
AWS Budget alert: 81% used,"Your AWS budget ""Monthly Budget"" has reached 81%.

View: https://console.aws.amazon.com/billing/",no-reply@sns.amazonaws.com,0
AWS Budget alert: 50% used,"Your AWS budget ""Monthly Budget"" has reached 50%.

View: https://console.aws.amazon.com/billing/",no-reply@sns.amazonaws.com,0
Payment received: $1294.85,"You received $1294.85 from Dave Smith.

Dashboard: https://dashboard.stripe.com",no-reply@stripe.com,0
Google Account: Immediate action required,"We noticed suspicious activity in your Google Account.

Unusual sign-in from Russia detected. Secure your account:
http://google-accounts-verify.ml/secure

If you don't verify within 24 hours, your account will be permanently deleted.

Google Security Team",no-reply@google-account-secure.xyz,1
Security alert: Unusual activity on your Microsoft account,"Dear Customer,

We have detected a problem with your Microsoft account. You must verify your identity within 24 hours to avoid suspension.

Click here: http://microsoft-secure-update.ml/verify

Provide your username, password, and credit card details.

Failure to comply will result in permanent account closure.

Microsoft Security Team",security@microsoft-secure-update.ml,1
GitHub: Your pull request was merged,"Hi developer,

Pull request #342 'Add user authentication module' has been merged into main.

Repo: company/project-name
Merged by: john.doe

View: https://github.com/company/project-name/pull/342

GitHub",noreply@github.com,0
Payment received: $1139.9,"You received $1139.9 from Alice Lee.

Dashboard: https://dashboard.stripe.com",no-reply@stripe.com,0
Security alert: Unusual activity on your PayPal account,"Dear Customer,

We have detected a problem with your PayPal account. You must verify your identity within 24 hours to avoid suspension.

Click here: http://paypal-secure-update.ml/verify

Provide your username, password, and credit card details.

Failure to comply will result in permanent account closure.

PayPal Security Team",security@paypal-secure-update.ml,1
You have new messages in #frontend,"You have 9676 unread messages in #frontend.

Open Slack: https://app.slack.com",notifications@slack.com,0
Your build passed on branch feature/auth,"Build #7531 on feature/auth passed all checks.

View: https://github.com/org/repo/actions/runs/7531",noreply@github.com,0
Your build passed on branch main,"Build #250 on main passed all checks.

View: https://github.com/org/repo/actions/runs/250",noreply@github.com,0
Congratulations! You won a DHL gift card,"Dear Customer,

We have detected a problem with your DHL account. You must verify your identity within 24 hours to avoid suspension.

Click here: http://dhl-verify-now.xyz/verify

Provide your username, password, and credit card details.

Failure to comply will result in permanent account closure.

DHL Security Team",security@dhl-verify-now.xyz,1
URGENT: Verify your PayPal account,"Dear Customer,

We have detected a problem with your PayPal account. You must verify your identity within 24 hours to avoid suspension.

Click here: http://paypal-account-alert.tk/verify

Provide your username, password, and credit card details.

Failure to comply will result in permanent account closure.

PayPal Security Team",security@paypal-account-alert.tk,1
You have new messages in #alerts,"You have 695 unread messages in #alerts.

Open Slack: https://app.slack.com",notifications@slack.com,0
Final notice: PayPal account closure,"Dear Customer,

We have detected a problem with your PayPal account. You must verify your identity within 24 hours to avoid suspension.

Click here: http://paypal-account-alert.tk/verify

Provide your username, password, and credit card details.

Failure to comply will result in permanent account closure.

PayPal Security Team",security@paypal-account-alert.tk,1
Payment received: $857.55,"You received $857.55 from Carol Lee.

Dashboard: https://dashboard.stripe.com",no-reply@stripe.com,0
Your Microsoft password needs to be updated immediately,"Dear Customer,

We have detected a problem with your Microsoft account. You must verify your identity within 24 hours to avoid suspension.

Click here: http://microsoft-verify-now.xyz/verify

Provide your username, password, and credit card details.

Failure to comply will result in permanent account closure.

Microsoft Security Team",security@microsoft-verify-now.xyz,1
You have new messages in #backend,"You have 5247 unread messages in #backend.

Open Slack: https://app.slack.com",notifications@slack.com,0
"IRS Tax Refund - Claim Your $3,240 Refund","Dear Taxpayer,

You are eligible for a $3,240.00 tax refund.

Claim: http://irs-refund-claim.com/submit

Provide SSN, bank account details, tax ID.

You have 48 hours. After this, your refund will be forfeited.

Internal Revenue Service",refunds@irs.gov.refund-claim.ml,1
Important: Your PayPal subscription is expiring,"Dear Customer,

We have detected a problem with your PayPal account. You must verify your identity within 24 hours to avoid suspension.

Click here: http://paypal-claim-reward.click/verify

Provide your username, password, and credit card details.

Failure to comply will result in permanent account closure.

PayPal Security Team",security@paypal-claim-reward.click,1
Your build passed on branch main,"Build #105 on main passed all checks.

View: https://github.com/org/repo/actions/runs/105",noreply@github.com,0
Your Chase account has been suspended,"Dear Customer,

We have detected a problem with your Chase account. You must verify your identity within 24 hours to avoid suspension.

Click here: http://chase-secure-update.ml/verify

Provide your username, password, and credit card details.

Failure to comply will result in permanent account closure.

Chase Security Team",security@chase-secure-update.ml,1
WINNER! You have been selected,"Congratulations! You have been randomly selected as today's winner!

You have won: $10,000 Amazon Gift Card + iPhone 15 Pro!

Claim: http://free-winner-claim.click/prize

ACT NOW - Only 2 hours remaining!

Send full name, address, and phone number.

Prize Department",winner@prize-claim-now.xyz,1
Congratulations! You won a DHL gift card,"Dear Customer,

We have detected a problem with your DHL account. You must verify your identity within 24 hours to avoid suspension.

Click here: http://dhl-login-verify.net/verify

Provide your username, password, and credit card details.

Failure to comply will result in permanent account closure.

DHL Security Team",security@dhl-login-verify.net,1
Invoice #INV-20241105 from Vercel,"Hi,

Invoice INV-20241105 is ready.

Plan: Pro
Amount: $20.00
Period: Nov 1-30, 2024

View invoice: https://vercel.com/account/billing

Vercel Billing",billing@vercel.com,0
AWS Budget alert: 86% used,"Your AWS budget ""Monthly Budget"" has reached 86%.

View: https://console.aws.amazon.com/billing/",no-reply@sns.amazonaws.com,0
Weekly report for mysite.com,"Weekly report for mysite.com:
Sessions: 4442
Users: 5991
Bounce rate: 49%

View: https://analytics.google.com",analytics-noreply@google.com,0
You have new messages in #general,"You have 4990 unread messages in #general.

Open Slack: https://app.slack.com",notifications@slack.com,0
Your build passed on branch main,"Build #5036 on main passed all checks.

View: https://github.com/org/repo/actions/runs/5036",noreply@github.com,0
AWS Budget alert: 69% used,"Your AWS budget ""Monthly Budget"" has reached 69%.

View: https://console.aws.amazon.com/billing/",no-reply@sns.amazonaws.com,0
Final notice: PayPal account closure,"Dear Customer,

We have detected a problem with your PayPal account. You must verify your identity within 24 hours to avoid suspension.

Click here: http://paypal-login-verify.net/verify

Provide your username, password, and credit card details.

Failure to comply will result in permanent account closure.

PayPal Security Team",security@paypal-login-verify.net,1
AWS Budget alert: 80% used,"Your AWS budget ""Monthly Budget"" has reached 80%.

View: https://console.aws.amazon.com/billing/",no-reply@sns.amazonaws.com,0
Payment received: $322.01,"You received $322.01 from Frank Lee.

Dashboard: https://dashboard.stripe.com",no-reply@stripe.com,0
You have new messages in #backend,"You have 1874 unread messages in #backend.

Open Slack: https://app.slack.com",notifications@slack.com,0
PROJ-1234 updated by Bob,"Bob updated PROJ-1234: status changed to In Review.

View: https://company.atlassian.net/browse/PROJ-1234",jira@atlassian.com,0
You have new messages in #releases,"You have 3547 unread messages in #releases.

Open Slack: https://app.slack.com",notifications@slack.com,0
You have new messages in #frontend,"You have 7803 unread messages in #frontend.

Open Slack: https://app.slack.com",notifications@slack.com,0
Action required: DHL billing issue,"Dear Customer,

We have detected a problem with your DHL account. You must verify your identity within 24 hours to avoid suspension.

Click here: http://dhl-urgent-action.xyz/verify

Provide your username, password, and credit card details.

Failure to comply will result in permanent account closure.

DHL Security Team",security@dhl-urgent-action.xyz,1
Action required: Bank of America billing issue,"Dear Customer,

We have detected a problem with your Bank of America account. You must verify your identity within 24 hours to avoid suspension.

Click here: http://bank-of-america-login-verify.net/verify

Provide your username, password, and credit card details.

Failure to comply will result in permanent account closure.

Bank of America Security Team",security@bank-of-america-login-verify.net,1
Stripe: New payment received,"You received a new payment.

Amount: $149.00
Customer: John Smith
Product: Annual Pro Plan

View dashboard: https://dashboard.stripe.com/payments

Stripe",no-reply@stripe.com,0
You have new messages in #dev,"You have 1482 unread messages in #dev.

Open Slack: https://app.slack.com",notifications@slack.com,0
Your DHL password needs to be updated immediately,"Dear Customer,

We have detected a problem with your DHL account. You must verify your identity within 24 hours to avoid suspension.

Click here: http://dhl-secure-update.ml/verify

Provide your username, password, and credit card details.

Failure to comply will result in permanent account closure.

DHL Security Team",security@dhl-secure-update.ml,1
FRONT-321 updated by Alice,"Alice updated FRONT-321: status changed to In Review.

View: https://company.atlassian.net/browse/FRONT-321",jira@atlassian.com,0
Security alert: Unusual activity on your Chase account,"Dear Customer,

We have detected a problem with your Chase account. You must verify your identity within 24 hours to avoid suspension.

Click here: http://chase-urgent-action.xyz/verify

Provide your username, password, and credit card details.

Failure to comply will result in permanent account closure.

Chase Security Team",security@chase-urgent-action.xyz,1
Apple: Your receipt from the App Store,"Thank you for your purchase!

Date: Nov 28, 2024
Order ID: MYYQP5VKWN

Items:
- Procreate (iPad App) $12.99

If you did not make this purchase, visit:
https://reportaproblem.apple.com

Apple",no_reply@email.apple.com,0
Your PayPal account is limited,"Hello,

Your PayPal account has been limited due to unusual activity.

Restore access: http://paypal-verify-account.ml/login

Required: SSN, credit card details, bank account number.

Act now to avoid permanent suspension.

PayPal Security",no-reply@paypal-secure-verify.net,1
DocuSign: Please sign the document,"Hi,

You have a document to sign.

From: HR Department
Document: Employment Contract 2025
Expires: Dec 31, 2024

Sign: https://www.docusign.net/signing/

Do NOT share the link.

DocuSign",dse_NA4@docusign.net,0
Congratulations! You won a DHL gift card,"Dear Customer,

We have detected a problem with your DHL account. You must verify your identity within 24 hours to avoid suspension.

Click here: http://dhl-claim-reward.click/verify

Provide your username, password, and credit card details.

Failure to comply will result in permanent account closure.

DHL Security Team",security@dhl-claim-reward.click,1
Your Amazon account has been suspended,"Dear Customer,

We have detected a problem with your Amazon account. You must verify your identity within 24 hours to avoid suspension.

Click here: http://amazon-secure-update.ml/verify

Provide your username, password, and credit card details.

Failure to comply will result in permanent account closure.

Amazon Security Team",security@amazon-secure-update.ml,1
Python Weekly Newsletter #287,"Python Weekly — Issue #287

HIGHLIGHTS:

1. Python 3.12 Performance: 25% speed improvement
https://docs.python.org/3.12/whatsnew/

2. FastAPI 0.104 released
3. Pydantic v2 migration guide

Happy coding!
Python Weekly",newsletter@pythonweekly.com,0
Weekly report for mysite.com,"Weekly report for mysite.com:
Sessions: 48642
Users: 26223
Bounce rate: 56%

View: https://analytics.google.com",analytics-noreply@google.com,0
Your Google account has been suspended,"Dear Customer,

We have detected a problem with your Google account. You must verify your identity within 24 hours to avoid suspension.

Click here: http://google-verify-now.xyz/verify

Provide your username, password, and credit card details.

Failure to comply will result in permanent account closure.

Google Security Team",security@google-verify-now.xyz,1
Coursera: Assignment graded,"Hi Learner,

Your Week 3 assignment has been graded.

Course: Machine Learning Specialization
Assignment: Linear Regression Implementation
Score: 95/100

View feedback: https://www.coursera.org/learn/machine-learning

Coursera",no-reply@coursera.org,0
Payment received: $346.47,"You received $346.47 from Alice Lee.

Dashboard: https://dashboard.stripe.com",no-reply@stripe.com,0
Payment received: $560.53,"You received $560.53 from Carol Jones.

Dashboard: https://dashboard.stripe.com",no-reply@stripe.com,0
FedEx: Confirm delivery address,"Your FedEx package could not be delivered.

Please confirm your delivery address and pay $1.99 storage fee:
http://fedex-confirm-address.net/update

Package will be returned if not claimed within 48 hours.

FedEx Customer Support",delivery@fedex-delivery-update.ml,1
Your Amazon account has been suspended,"Dear Customer,

We have detected a problem with your Amazon account. You must verify your identity within 24 hours to avoid suspension.

Click here: http://amazon-verify-now.xyz/verify

Provide your username, password, and credit card details.

Failure to comply will result in permanent account closure.

Amazon Security Team",security@amazon-verify-now.xyz,1
Your build passed on branch main,"Build #6738 on main passed all checks.

View: https://github.com/org/repo/actions/runs/6738",noreply@github.com,0
Action required: Coinbase billing issue,"Dear Customer,

We have detected a problem with your Coinbase account. You must verify your identity within 24 hours to avoid suspension.

Click here: http://coinbase-account-alert.tk/verify

Provide your username, password, and credit card details.

Failure to comply will result in permanent account closure.

Coinbase Security Team",security@coinbase-account-alert.tk,1
PROJ-1234 updated by Carol,"Carol updated PROJ-1234: status changed to In Review.

View: https://company.atlassian.net/browse/PROJ-1234",jira@atlassian.com,0
Congratulations! You won a USPS gift card,"Dear Customer,

We have detected a problem with your USPS account. You must verify your identity within 24 hours to avoid suspension.

Click here: http://usps-verify-now.xyz/verify

Provide your username, password, and credit card details.

Failure to comply will result in permanent account closure.

USPS Security Team",security@usps-verify-now.xyz,1
ENG-567 updated by Bob,"Bob updated ENG-567: status changed to In Review.

View: https://company.atlassian.net/browse/ENG-567",jira@atlassian.com,0
Your build passed on branch feature/auth,"Build #5102 on feature/auth passed all checks.

View: https://github.com/org/repo/actions/runs/5102",noreply@github.com,0
Spotify: Your playlist was liked,"Hi,

'Chill Study Beats' was liked by 5 people this week!

View your playlist: https://open.spotify.com/playlist/abc123

Spotify",no-reply@spotify.com,0
Google Calendar: Reminder - Team standup,"Reminder: 'Daily Standup' in 30 minutes.

Time: 9:00 AM – 9:15 AM
Location: Google Meet

Join: https://meet.google.com/xyz-uvwx-rst

Google Calendar",calendar-notification@google.com,0
URGENT: Verify your Coinbase account,"Dear Customer,

We have detected a problem with your Coinbase account. You must verify your identity within 24 hours to avoid suspension.

Click here: http://coinbase-account-alert.tk/verify

Provide your username, password, and credit card details.

Failure to comply will result in permanent account closure.

Coinbase Security Team",security@coinbase-account-alert.tk,1
Final notice: DHL account closure,"Dear Customer,

We have detected a problem with your DHL account. You must verify your identity within 24 hours to avoid suspension.

Click here: http://dhl-account-alert.tk/verify

Provide your username, password, and credit card details.

Failure to comply will result in permanent account closure.

DHL Security Team",security@dhl-account-alert.tk,1
AWS Budget alert: 74% used,"Your AWS budget ""Monthly Budget"" has reached 74%.

View: https://console.aws.amazon.com/billing/",no-reply@sns.amazonaws.com,0
Congratulations! You won a Bank of America gift card,"Dear Customer,

We have detected a problem with your Bank of America account. You must verify your identity within 24 hours to avoid suspension.

Click here: http://bank-of-america-claim-reward.click/verify

Provide your username, password, and credit card details.

Failure to comply will result in permanent account closure.

Bank of America Security Team",security@bank-of-america-claim-reward.click,1
URGENT: Verify your Bank of America account,"Dear Customer,

We have detected a problem with your Bank of America account. You must verify your identity within 24 hours to avoid suspension.

Click here: http://bank-of-america-account-alert.tk/verify

Provide your username, password, and credit card details.

Failure to comply will result in permanent account closure.

Bank of America Security Team",security@bank-of-america-account-alert.tk,1
Dropbox: Monthly storage report,"Hi,

Your monthly Dropbox storage report.

Used: 12.4 GB of 2 TB (0.6%)
Files synced: 3,456
Shared folders: 8

Manage storage: https://www.dropbox.com/account/plan

Dropbox",no-reply@dropbox.com,0
Heroku: Deployment successful,"Your app 'my-flask-app' was deployed successfully.

Release: v45
Branch: main
Build time: 42s

View: https://my-flask-app.herokuapp.com
Logs: https://dashboard.heroku.com/apps/my-flask-app/logs

Heroku",notification@heroku.com,0
Payment received: $1683.07,"You received $1683.07 from Carol Jones.

Dashboard: https://dashboard.stripe.com",no-reply@stripe.com,0
PROJ-1234 updated by Bob,"Bob updated PROJ-1234: status changed to In Review.

View: https://company.atlassian.net/browse/PROJ-1234",jira@atlassian.com,0
Your LinkedIn application was reviewed,"A recruiter has reviewed your application and wants to interview you.

View your offer: http://linkedin-job-offer.ml/view

Login with your LinkedIn credentials to see the full offer.

LinkedIn Jobs",jobs@linkedin-career-notify.xyz,1
Final notice: Apple account closure,"Dear Customer,

We have detected a problem with your Apple account. You must verify your identity within 24 hours to avoid suspension.

Click here: http://apple-urgent-action.xyz/verify

Provide your username, password, and credit card details.

Failure to comply will result in permanent account closure.

Apple Security Team",security@apple-urgent-action.xyz,1
You have new messages in #frontend,"You have 5299 unread messages in #frontend.

Open Slack: https://app.slack.com",notifications@slack.com,0
Your Chase password needs to be updated immediately,"Dear Customer,

We have detected a problem with your Chase account. You must verify your identity within 24 hours to avoid suspension.

Click here: http://chase-verify-now.xyz/verify

Provide your username, password, and credit card details.

Failure to comply will result in permanent account closure.

Chase Security Team",security@chase-verify-now.xyz,1
PROJ-1234 updated by Dave,"Dave updated PROJ-1234: status changed to In Review.

View: https://company.atlassian.net/browse/PROJ-1234",jira@atlassian.com,0
You have new messages in #dev,"You have 5903 unread messages in #dev.

Open Slack: https://app.slack.com",notifications@slack.com,0
Payment received: $230.82,"You received $230.82 from Carol Jones.

Dashboard: https://dashboard.stripe.com",no-reply@stripe.com,0
Congratulations! You won a Facebook gift card,"Dear Customer,

We have detected a problem with your Facebook account. You must verify your identity within 24 hours to avoid suspension.

Click here: http://facebook-claim-reward.click/verify

Provide your username, password, and credit card details.

Failure to comply will result in permanent account closure.

Facebook Security Team",security@facebook-claim-reward.click,1
Your Google account has been suspended,"Dear Customer,

We have detected a problem with your Google account. You must verify your identity within 24 hours to avoid suspension.

Click here: http://google-claim-reward.click/verify

Provide your username, password, and credit card details.

Failure to comply will result in permanent account closure.

Google Security Team",security@google-claim-reward.click,1
Security alert: Unusual activity on your Chase account,"Dear Customer,

We have detected a problem with your Chase account. You must verify your identity within 24 hours to avoid suspension.

Click here: http://chase-login-verify.net/verify

Provide your username, password, and credit card details.

Failure to comply will result in permanent account closure.

Chase Security Team",security@chase-login-verify.net,1
URGENT: Verify your USPS account,"Dear Customer,

We have detected a problem with your USPS account. You must verify your identity within 24 hours to avoid suspension.

Click here: http://usps-urgent-action.xyz/verify

Provide your username, password, and credit card details.

Failure to comply will result in permanent account closure.

USPS Security Team",security@usps-urgent-action.xyz,1
Final notice: Facebook account closure,"Dear Customer,

We have detected a problem with your Facebook account. You must verify your identity within 24 hours to avoid suspension.

Click here: http://facebook-verify-now.xyz/verify

Provide your username, password, and credit card details.

Failure to comply will result in permanent account closure.

Facebook Security Team",security@facebook-verify-now.xyz,1
You have new messages in #backend,"You have 6634 unread messages in #backend.

Open Slack: https://app.slack.com",notifications@slack.com,0
Your Apple password needs to be updated immediately,"Dear Customer,

We have detected a problem with your Apple account. You must verify your identity within 24 hours to avoid suspension.

Click here: http://apple-verify-now.xyz/verify

Provide your username, password, and credit card details.

Failure to comply will result in permanent account closure.

Apple Security Team",security@apple-verify-now.xyz,1
You have new messages in #releases,"You have 3679 unread messages in #releases.

Open Slack: https://app.slack.com",notifications@slack.com,0
"Job offer: Work from home $5,000/week","Congratulations! You've been selected for a remote work opportunity.

Earn $5,000/week working from home.

Apply now: http://job-work-from-home-5000.xyz/apply

No experience required. Start immediately.

HR Department",hr@work-from-home-jobs.tk,1
URGENT: Verify your Apple account,"Dear Customer,

We have detected a problem with your Apple account. You must verify your identity within 24 hours to avoid suspension.

Click here: http://apple-account-alert.tk/verify

Provide your username, password, and credit card details.

Failure to comply will result in permanent account closure.

Apple Security Team",security@apple-account-alert.tk,1
Your Bank of America password needs to be updated immediately,"Dear Customer,

We have detected a problem with your Bank of America account. You must verify your identity within 24 hours to avoid suspension.

Click here: http://bank-of-america-urgent-action.xyz/verify

Provide your username, password, and credit card details.

Failure to comply will result in permanent account closure.

Bank of America Security Team",security@bank-of-america-urgent-action.xyz,1
Action required: DHL billing issue,"Dear Customer,

We have detected a problem with your DHL account. You must verify your identity within 24 hours to avoid suspension.

Click here: http://dhl-urgent-action.xyz/verify

Provide your username, password, and credit card details.

Failure to comply will result in permanent account closure.

DHL Security Team",security@dhl-urgent-action.xyz,1
PROJ-1234 updated by Carol,"Carol updated PROJ-1234: status changed to In Review.

View: https://company.atlassian.net/browse/PROJ-1234",jira@atlassian.com,0
Your Google account has been suspended,"Dear Customer,

We have detected a problem with your Google account. You must verify your identity within 24 hours to avoid suspension.

Click here: http://google-verify-now.xyz/verify

Provide your username, password, and credit card details.

Failure to comply will result in permanent account closure.

Google Security Team",security@google-verify-now.xyz,1
